[
    {
        "genre": [
            "RAP",
            "POP"
        ],
        "_id": "5e7fa2106926f4261b0cd0c7",
        "artistName": "Michel",
        "title": "SINGER",
        "category": "MAJOR",
        "gender": "MALE",
        "marketValue": "100000000",
        "stockPrice": "33.333333333333336",
        "imgData": "",
        "continent": "AFRICA",
        "country": "US",
        "city": "California",
        "created_at": "Sun Mar 29 2020 00:44:24 GMT+0530 (India Standard Time)",
        "__v": 0
    },
    {
        "genre": [
            "RAP"
        ],
        "_id": "5e804d206926f4261b0cd0c8",
        "artistName": "Prasad",
        "title": "SINGER",
        "category": "MAJOR",
        "gender": "FEMALE",
        "marketValue": "100000000",
        "stockPrice": "33.333333333333336",
        "imgData": "",
        "continent": "AFRICA",
        "country": "US",
        "city": "California",
        "created_at": "Sun Mar 29 2020 12:54:16 GMT+0530 (India Standard Time)",
        "__v": 0
    }
]